{
    "trajectoryGains": {
        "v": 0.00344,
        "a": 0.00117,
        "s": 0.0179
    }
}